Ms. Tierra Hartmann, contestant 8, 079718133
Carlee Becker, contestant 6, 655308340
Dr. Merritt Mosciski, contestant 4, 556354776
Nick Schiller, contestant 2, 188539698
Jan Bednar, contestant 3, 186826325
Greg Gleichner, contestant 6, 444137030
Gloria Glover V, contestant 3, 709735626
Devan Ankunding II, contestant 8, 785396742
Hettie Homenick, contestant 2, 329779084
Ceasar Bartoletti, contestant 2, 669930163
Jayce Bruen, contestant 0, 578630883
Myrtle Purdy, contestant 0, 521638197
Jayne Heller, contestant 7, 084335771
Cletus Lemke III, contestant 5, 310526379
Mrs. Alyce Von, contestant 4, 363213218
Eric Rutherford, contestant 2, 220214008
Ms. Tomas Spencer, contestant 8, 375276545
Chloe Waelchi IV, contestant 7, 985549336
Eloy Harvey, contestant 0, 208692418
Mr. Oscar Turcotte, contestant 9, 393599289
Chadrick Champlin, contestant 8, 645826490
Bria Dare, contestant 2, 007261519
Gina Jenkins, contestant 1, 948327994
Gerald Waelchi, contestant 8, 433896351
Ms. Kameron Connelly, contestant 9, 243860319
Maurine Morar, contestant 2, 487370936
Myah Vandervort, contestant 2, 008086743
Camden Kuhlman, contestant 8, 492946449
Madisen Spinka, contestant 7, 554784506
Jakob Haag, contestant 5, 382759812
Monserrate Little, contestant 9, 878614534
Katherine Kris PhD, contestant 9, 063454530
Ms. Stephan Pollich, contestant 6, 925397124
Dr. Valentine Graham, contestant 0, 184515680
Mr. Oscar Turcotte, contestant 9, 393599289
Mackenzie Rodriguez, contestant 9, 339412469
Vance Pagac, contestant 6, 226616642
Coralie Moen Sr., contestant 9, 731946325
Geraldine Murphy, contestant 8, 056835315
Alberto Gaylord, contestant 3, 969692305
Mrs. Lesly Schamberger, contestant 2, 616690628
Walter Schuster, contestant 3, 105628718
Dortha Hettinger, contestant 2, 435585028
Dena Heller Sr., contestant 3, 701304794
Dr. Cynthia Davis, contestant 8, 664591612
Miss Rebeka Ratke, contestant 6, 600236729
Jordi Corwin, contestant 0, 131559849
Shanel Kautzer, contestant 4, 177378822
Gladyce Schneider, contestant 8, 136669630
Gerda Simonis DDS, contestant 5, 793327475
Gene Stroman, contestant 3, 216085033
Maynard Quigley V, contestant 8, 670113859
Yoshiko Rogahn, contestant 3, 000263808
Roger McGlynn, contestant 6, 553496033
Rodolfo Jones, contestant 1, 675970925
Clay Gutkowski, contestant 1, 815209144
Hanna Predovic, contestant 5, 755502490
Oran Kunze, contestant 8, 469133788
Mary Purdy MD, contestant 6, 408692175
Hillard Pacocha, contestant 9, 882079997
Delphia Kuhlman, contestant 9, 756296826
Autumn Baumbach, contestant 7, 050407443
Lelia Bashirian III, contestant 4, 007642945
Eulalia Gleason, contestant 5, 854508775
Oswald Torphy, contestant 8, 406543927
Joelle Zemlak, contestant 0, 645873720
Hortense Hirthe DVM, contestant 5, 403781750
Chyna Sanford I, contestant 8, 030730619
Dr. Kaleigh Predovic, contestant 0, 619654421
Greg Gleichner, contestant 6, 444137030
Fannie Zboncak, contestant 9, 333595922
Spencer Hermann, contestant 7, 347045780
Dewitt Weimann IV, contestant 9, 307474535
Eunice Orn DVM, contestant 2, 908115090
Roxanne Dietrich V, contestant 6, 021071200
Johnathan Abbott, contestant 1, 715044768
Maurine Morar, contestant 2, 487370936
Lea Rowe, contestant 7, 043689531
Mr. Marilie Hammes, contestant 0, 406852191
Uriel Swift, contestant 7, 335074515
Pietro Barton, contestant 9, 951980440
Elise Weimann, contestant 2, 933650314
Marlee Stroman, contestant 3, 956300370
Narciso Trantow, contestant 2, 035703454
Geovany Adams, contestant 4, 476416455
Alva Witting, contestant 1, 061438280
Sherwood Barrows, contestant 8, 136175457
Deonte Marvin Sr., contestant 2, 703859283
Jarrett Hahn, contestant 2, 003661199
Oleta Willms, contestant 2, 292775717
Hailee Hettinger, contestant 0, 198056689
Chadd Orn MD, contestant 8, 490992936
Dayna Witting, contestant 0, 425677424
Clay Gutkowski, contestant 1, 815209144
Dr. Osbaldo Koch, contestant 4, 646346897
Margie Schowalter, contestant 2, 727571409
Ruthe Larson, contestant 1, 896032131
Birdie Erdman I, contestant 2, 860046531
Arnoldo Reynolds DDS, contestant 4, 702460883
Dorothea O'Keefe Sr., contestant 0, 861659173
Ms. Dominic Vandervort, contestant 3, 707481479
Dell Heathcote, contestant 9, 012886064
Petra Botsford, contestant 1, 467254815
Eriberto Gutmann, contestant 9, 119673048
Raphaelle Hirthe PhD, contestant 2, 000929673
Marty Kovacek, contestant 7, 934873840
Denis West, contestant 3, 025735163
Ted Hermiston, contestant 2, 705416982
Miss Terrence Ritchie, contestant 4, 463996404
Samson Shields III, contestant 1, 669100700
Angelita O'Conner, contestant 5, 736968081
Arnold Renner Sr., contestant 6, 392957540
Rosemary Parisian, contestant 8, 668835547
Haleigh Dare, contestant 7, 410695034
Dr. Abby Fadel, contestant 1, 136192441
Christop Torp, contestant 1, 416889483
Ms. Rosella Dare, contestant 0, 578560348
Solon Goldner, contestant 0, 296050375
Ferne Huels, contestant 2, 769526164
Angelita O'Conner, contestant 5, 736968081
Reece Doyle V, contestant 3, 109920443
Haven Heathcote, contestant 2, 851988922
Cayla Swift, contestant 5, 839656031
Mrs. Kiara Kuhic, contestant 7, 537307382
Adella Bechtelar, contestant 2, 574071987
Anastasia Rosenbaum, contestant 8, 032894623
Mrs. Bailey Glover, contestant 9, 945663568
Cayla Hudson, contestant 4, 725497117
Deshawn King, contestant 6, 630041973
Alysson Maggio, contestant 3, 475209489
Mrs. Ruby Thiel, contestant 4, 744558759
Fabian Doyle V, contestant 6, 756420859
Miss Stone Hayes, contestant 5, 690758453
Maybelle Borer, contestant 8, 417498135
Mable Spinka, contestant 5, 493259140
Miss Terrence Ritchie, contestant 4, 463996404
Teagan Haag, contestant 9, 649765583
Cordie Pacocha IV, contestant 2, 075655937
Clemens VonRueden, contestant 1, 637064375
Lisa Sawayn, contestant 5, 081532266
Adrienne Gottlieb V, contestant 3, 917105000
Mr. Mellie Stracke, contestant 8, 519021552
Justina Berge Jr., contestant 7, 029117964
Scarlett Hilpert, contestant 4, 915313119
Ellie Pouros, contestant 6, 542229416
Clay Gutkowski, contestant 1, 815209144
Delta Cremin PhD, contestant 6, 101180065
Laurence Volkman II, contestant 5, 014610048
Alvena Jenkins, contestant 0, 119180763
Marcelino McCullough, contestant 4, 368162003
Emerson Heaney, contestant 3, 322779947
Lindsay Ernser IV, contestant 5, 149217531
Genesis Harris, contestant 6, 513024240
Raleigh Bashirian I, contestant 6, 851246485
Zander Thiel, contestant 9, 314360829
Eunice Orn DVM, contestant 2, 908115090
Lilyan Koepp, contestant 2, 847075738
Jerry Oberbrunner, contestant 9, 878197214
Edmond Botsford, contestant 6, 150197675
Garrison Effertz, contestant 9, 421364616
Cheyanne Hodkiewicz, contestant 8, 411734269
Ms. Geovanny Nikolaus, contestant 3, 780758714
Edna Lesch, contestant 3, 286708535
Olen Barrows, contestant 7, 885010387
Mr. Kaya Ondricka, contestant 8, 487111236
Jules Frami, contestant 8, 246101839
Marietta Kris, contestant 6, 400540233
Mrs. Chelsie Cummerata, contestant 0, 515249750
Dejuan Kuphal MD, contestant 3, 661013997
Gabe Nader MD, contestant 6, 185594455
Frank Lindgren, contestant 7, 266788824
Justen Douglas, contestant 5, 983373570
Ms. Silas Kessler, contestant 4, 749943837
Dejuan Kuphal MD, contestant 3, 661013997
Lea Rowe, contestant 7, 043689531
Santino Schmitt, contestant 4, 130497833
Dr. Violette Ziemann, contestant 0, 791662866
Axel Feest, contestant 4, 247187013
Gerson Rutherford, contestant 3, 905936645
Reggie Rippin, contestant 6, 699467783
Omer Prohaska, contestant 3, 123786495
Jonathon Mohr, contestant 7, 017533713
Jo Langworth, contestant 1, 267888039
Odell Bins, contestant 3, 095957828
Merritt Stiedemann, contestant 9, 492959287
Jessyca Leannon, contestant 9, 601179847
Justus Turner, contestant 2, 699689419
Dr. Unique Kohler, contestant 4, 336397244
Chadd Orn MD, contestant 8, 490992936
Efrain Hauck, contestant 8, 549415003
Keeley Beahan, contestant 4, 017875914
Michael Kling, contestant 4, 991411073
Mr. Domingo Bauch, contestant 6, 171144725
Seth Moore, contestant 5, 087701934
Green Pagac DDS, contestant 2, 427214002
Emerson Heaney, contestant 3, 322779947
Alana Mraz DVM, contestant 0, 497407492
Vada Cole, contestant 8, 759795453
Jason Bednar, contestant 9, 767158567
Ryley Crist V, contestant 6, 593896494
Miles Willms III, contestant 3, 356217442
Lavina Gibson PhD, contestant 3, 049001056
Lawson Heaney, contestant 8, 912386337
Rollin Leannon, contestant 4, 130725629
Kip Hansen, contestant 7, 167503566
Kavon Larkin, contestant 5, 224507706
Tiara Zboncak V, contestant 6, 323438814
Trent Hyatt, contestant 8, 476195000
Dr. Providenci Jerde, contestant 5, 560574461
Alva Witting, contestant 1, 061438280
Jaeden Carroll DVM, contestant 1, 623904462
Percival Tillman, contestant 7, 945566895
Keon Hettinger DDS, contestant 1, 283178075
Jeffrey Stanton, contestant 2, 240264952
Dolly Wunsch I, contestant 3, 517856529
Jess Quitzon, contestant 8, 602900817
Bernie Fisher IV, contestant 1, 773937301
Blaze Haag, contestant 4, 014739575
Leonie Boyle DDS, contestant 1, 409083095
Name Doyle, contestant 3, 272018808
Vidal Sipes, contestant 2, 252782384
Bria Schneider Jr., contestant 3, 039367068
Nelda Bartell, contestant 8, 094245697
Miss Bill Pagac, contestant 1, 414608016
Brad Ryan, contestant 2, 730319264
Mr. Paige Jast, contestant 6, 184764202
Bennie Hahn, contestant 5, 983909740
Miss Idell Walter, contestant 7, 633810607
Eddie Breitenberg, contestant 0, 362317787
Lorenza Hammes, contestant 7, 782692982
Antonina Jacobson, contestant 0, 571468975
Miss Dejuan Turner, contestant 2, 117520275
Retha Hessel DDS, contestant 2, 049238476
Dr. Unique Kohler, contestant 4, 336397244
Rosendo Kling, contestant 5, 134012933
Oma Lakin, contestant 0, 668334636
Price Moen, contestant 7, 388148961
Maudie Lebsack, contestant 9, 118963154
Mr. Newton Kovacek, contestant 9, 678583356
Mr. Princess Kessler, contestant 2, 994628027
Porter Fritsch I, contestant 5, 247030687
Ariel Shields, contestant 7, 429375583
Giovani Nitzsche DDS, contestant 6, 292510987
Angelina Nicolas, contestant 5, 693931782
Mariane Gulgowski, contestant 6, 984833724
Casandra Hickle, contestant 4, 241167066
Dale D'Amore, contestant 6, 070149112
Marietta Kris, contestant 6, 400540233
Porter Fritsch I, contestant 5, 247030687
Moriah Kerluke, contestant 8, 399478476
Ms. Irwin Schaefer, contestant 6, 833115371
Jeanie Rath, contestant 1, 499124130
Ena Pagac, contestant 9, 845910402
Miss Charlene Cremin, contestant 1, 846477620
Markus Hoeger, contestant 4, 664929726
Yazmin Yost, contestant 5, 637760524
Joanny Bergstrom, contestant 4, 652744842
Kieran Schneider, contestant 2, 098626890
Reina Hoeger, contestant 4, 465816848
Dayna Witting, contestant 0, 425677424
Mr. Buford Roob, contestant 8, 178976300
Emmett Runolfsdottir, contestant 7, 433533611
Raymundo Feest IV, contestant 2, 654832634
Wava Rippin, contestant 7, 368402606
Mrs. Mustafa Jaskolski, contestant 2, 253902772
Hassie Kuphal, contestant 1, 424999260
Jasper Metz, contestant 7, 313036394
Deonte Marvin Sr., contestant 2, 703859283
Joanny Gusikowski, contestant 9, 294071007
Ms. Isidro Tromp, contestant 9, 351943410
Maxwell Rice, contestant 6, 671853153
Gonzalo Rogahn, contestant 2, 292364084
Milton Tillman, contestant 5, 053921602
Oscar Beier DDS, contestant 7, 028826851
Kaley Zieme, contestant 1, 219366200
Raymundo Feest IV, contestant 2, 654832634
Geovanny Volkman, contestant 2, 002581678
Eileen Shields IV, contestant 5, 743510125
Stephon Block, contestant 4, 669568982
Eldred Schamberger, contestant 0, 371350304
Ivory Swift I, contestant 8, 292061616
Tristian Bartell, contestant 9, 388074786
Jerel Moore, contestant 4, 220086523
Linnie Ernser, contestant 9, 733480728
Michael Kling, contestant 4, 991411073
Isabella Cassin, contestant 1, 144328265
Karlie Bins, contestant 2, 374712529
Alverta Harvey, contestant 7, 940262198
Mrs. Erin Dickinson, contestant 6, 664796484
Lilian Hyatt, contestant 1, 720990710
Gonzalo Rogahn, contestant 2, 292364084
Yesenia Mayer IV, contestant 4, 289920806
Oscar DuBuque, contestant 3, 852629342
Larry Lubowitz, contestant 4, 073327516
Brennon Kuphal, contestant 4, 559739928
Mekhi Hodkiewicz, contestant 3, 525728063
Lora Swift, contestant 0, 176771323
Kaley Zieme, contestant 1, 219366200
Dr. Marvin Reynolds, contestant 4, 112623118
Kellie Fadel, contestant 2, 218816482
Devante Glover, contestant 2, 656443818
Jessyca Leannon, contestant 9, 601179847
Janelle Bayer, contestant 5, 816889503
Rodolfo Mohr PhD, contestant 6, 909295453
Jude Nader, contestant 3, 308996751
Stella Bernhard I, contestant 4, 903045527
Ms. Erica Morissette, contestant 8, 262793929
Kavon Larkin, contestant 5, 224507706
Horacio Wuckert, contestant 1, 740833382
Leanne MacGyver, contestant 2, 976699839
Jeremie Wyman, contestant 5, 998651561
Dr. Felicity Pacocha, contestant 2, 318467696
Mrs. Chelsie Cummerata, contestant 0, 515249750
Ena Pagac, contestant 9, 845910402
Jalen Waters, contestant 2, 489206479
Jacky VonRueden, contestant 9, 945504782
Cayla Greenholt, contestant 4, 111215506
Ned Towne, contestant 8, 322784341
Dell Heathcote, contestant 9, 012886064
Eve Watsica, contestant 4, 777863094
Dolly Rippin, contestant 7, 556619489
Anastasia Rosenbaum, contestant 8, 032894623
Ana Greenfelder, contestant 1, 597151749
Jalen Waters, contestant 2, 489206479
Nadia Waters, contestant 1, 184648377
Anastasia Rosenbaum, contestant 8, 032894623
Jed Schinner, contestant 4, 757491788
Doug Parisian, contestant 3, 976680862
Josue West, contestant 4, 705143191
Herminia Willms, contestant 5, 964193484
Scarlett Wyman, contestant 0, 526534875
Lydia Bauch, contestant 7, 173518473
Jamaal Kuhn, contestant 7, 805013501
Rusty Willms, contestant 5, 728675394
Solon Goldner, contestant 0, 296050375
Emmanuel Kulas, contestant 2, 781862403
Oran Kiehn, contestant 2, 737937179
Theo Mann, contestant 3, 616856035
Eldred Schamberger, contestant 0, 371350304
Kiel Schulist, contestant 5, 324633804
Lon Walsh V, contestant 9, 381168633
Forrest Morar DVM, contestant 3, 881459500
Sophia Wilderman, contestant 6, 817493946
Rico O'Connell, contestant 2, 074713433
Richard Buckridge II, contestant 9, 103798870
Mr. Darrick Lynch, contestant 0, 704115970
Ms. Marlen Hoeger, contestant 7, 084165938
Cristopher Abshire, contestant 1, 849835699
Misael Dickens, contestant 6, 129708903
Dr. Ahmed Rath, contestant 6, 221690988
Mrs. Gabrielle Dare, contestant 5, 046055595
Mitchell Luettgen III, contestant 1, 695634925
Ressie Kshlerin, contestant 3, 400754288
Dr. Dakota Bashirian, contestant 0, 387024875
Aric Collins, contestant 8, 291475573
Mrs. Dahlia Jacobi, contestant 8, 522039595
Randi Boyle, contestant 5, 832343208
Enrico Schuster, contestant 6, 670636559
Dagmar Moore DDS, contestant 3, 059555384
Mr. Kaya Ondricka, contestant 8, 487111236
Murphy Quitzon PhD, contestant 2, 983733715
Maybell Heathcote, contestant 1, 812005625
Eleanore Pfeffer, contestant 0, 096548984
Malvina Gulgowski, contestant 3, 263404633
Cassandra Leuschke, contestant 9, 019951880
Flossie Kozey, contestant 6, 351996851
Madonna Rodriguez, contestant 8, 541645449
Tatyana Ferry III, contestant 0, 789954827
Mr. Isabel Johnson, contestant 9, 258542459
Derek Glover, contestant 8, 818292366
Bernita Schinner, contestant 1, 128465325
Lorena Gleason IV, contestant 3, 081727102
Lorna Veum, contestant 4, 888056867
Orrin Vandervort DDS, contestant 7, 966244818
Finn Hirthe, contestant 5, 213781917
Demario O'Reilly, contestant 0, 261926056
Dr. Damien Altenwerth, contestant 3, 731793016
Theron Jacobi V, contestant 8, 667454785
Claudia Murazik, contestant 1, 313069609
Emma Labadie, contestant 6, 870615823
Rudolph Haag, contestant 5, 448221084
Rebekah Rolfson, contestant 7, 320852289
Skylar Kunde, contestant 3, 364399584
Ms. Candelario Schroeder, contestant 0, 843905501
Hal Tremblay, contestant 4, 038793605
Benton Sporer, contestant 1, 363126997
Everette Stehr, contestant 2, 532343366
Justice Toy DDS, contestant 6, 690613965
Harmony Harvey, contestant 4, 936230172
Annabel Beier, contestant 2, 665744651
Lorenza Hammes, contestant 7, 782692982
Royce Graham, contestant 9, 743960991
Jessie Douglas, contestant 3, 951051692
Dell Beahan, contestant 3, 358830493
Kiarra Goyette II, contestant 7, 608382159
Aliza Zieme I, contestant 0, 391105769
Miss Juliet Feil, contestant 3, 651151187
Theo Mann, contestant 3, 616856035
Miss Cleo Dietrich, contestant 2, 427656384
Daniella Considine, contestant 4, 791177206
Kyra Rodriguez II, contestant 3, 980794657
Josephine Cummings, contestant 7, 680580699
Mr. Houston Krajcik, contestant 7, 347603120
Rusty Willms, contestant 5, 728675394
Mr. Chad Kozey, contestant 0, 988922700
Jany Bartell, contestant 8, 121354252
Francesca Brakus, contestant 9, 131655115
Triston Wiza, contestant 7, 472148828
Anais Emmerich, contestant 1, 098706659
Milton Tillman, contestant 5, 053921602
Jessyca Leannon, contestant 9, 601179847
Elmira Prohaska, contestant 0, 536843744
Jed Schinner, contestant 4, 757491788
Rolando Wyman DDS, contestant 3, 040209893
Karina Wolf, contestant 4, 705261043
Marty Kovacek, contestant 7, 934873840
Hiram Kerluke, contestant 1, 850924524
Rory Greenholt, contestant 6, 303894094
Moshe Ondricka, contestant 2, 000038657
Nelson Hodkiewicz, contestant 4, 280944326
Colten Schulist, contestant 6, 416576353
Millie Roob, contestant 7, 048013316
Tomasa Ernser, contestant 9, 947173115
Camron Nicolas IV, contestant 2, 915112113
Jayde Kessler, contestant 1, 493945269
Alvis MacGyver, contestant 4, 050085025
Gordon Miller, contestant 4, 707035426
Hal Tremblay, contestant 4, 038793605
Ms. Tate Mante, contestant 2, 551516529
Rico Pagac, contestant 6, 872574785
Maybell Kozey, contestant 0, 910553835
Westley Smitham, contestant 0, 082505125
Hazle Hansen, contestant 6, 391841345
Mr. Rosemarie Veum, contestant 7, 075077653
Lavina Gibson PhD, contestant 3, 049001056
Peggie Stoltenberg, contestant 8, 938839714
Filomena Kozey, contestant 6, 280125457
Peggie Stoltenberg, contestant 8, 938839714
Mr. Domingo Bauch, contestant 6, 171144725
Johnathan Reynolds, contestant 5, 701814949
Alberto Gaylord, contestant 3, 969692305
Filiberto Gutkowski, contestant 5, 100778345
Rusty Willms, contestant 5, 728675394
Donnell Feest IV, contestant 6, 148934617
Lenny Sanford, contestant 1, 889245512
Marques Emard, contestant 8, 753838531
Yesenia Mayer IV, contestant 4, 289920806
Kenton Rutherford, contestant 1, 349403056
Jovan Marks, contestant 0, 830694814
Jessyca O'Keefe II, contestant 1, 090236364
Clarissa Goldner II, contestant 0, 016118667
Triston Wiza, contestant 7, 472148828
Mrs. Wendell Kuphal, contestant 4, 584363414
Koby Tillman, contestant 4, 844958687
Ms. Consuelo Zieme, contestant 9, 666004755
Nico Bednar, contestant 9, 234735966
Corene Erdman, contestant 5, 756284012
Leanne MacGyver, contestant 2, 976699839
Jane Kunze I, contestant 2, 993235509
Shania Ratke, contestant 3, 393600600
Dr. Noemi Little, contestant 5, 932101563
Dominique Brakus, contestant 0, 075820029
Kip Upton Sr., contestant 9, 796128614
Alysa Haag, contestant 2, 748966394
Mr. Princess Kessler, contestant 2, 994628027
Tyshawn Friesen, contestant 1, 467739448
Anjali Powlowski, contestant 5, 505115832
Mr. April Powlowski, contestant 0, 341519966
Gayle Lind I, contestant 8, 019283809
Jerry Oberbrunner, contestant 9, 878197214
Kamren Goodwin, contestant 5, 647699616
Lelah Fadel, contestant 2, 009203397
Deontae Koch, contestant 5, 700134052
Shanon Treutel, contestant 3, 583493440
Stephen Hilpert, contestant 4, 721487310
Maria Boyle, contestant 9, 903806053
Miss Elliott Considine, contestant 1, 872682182
Alfonso Grimes, contestant 9, 732098387
Thea Reinger, contestant 5, 491823742
Orion Kulas, contestant 9, 672229689
Llewellyn Brown, contestant 4, 567904377
Unique Ondricka, contestant 8, 545254113
Della Mertz, contestant 1, 517788842
Miss Lorena Effertz, contestant 1, 603934679
Madison Yost, contestant 9, 708938535
Narciso Trantow, contestant 2, 035703454
Lora Swift, contestant 0, 176771323
Fannie Zboncak, contestant 9, 333595922
Georgette Thiel, contestant 1, 220743015
Colby Conn, contestant 0, 363273807
Miss Cornelius Gibson, contestant 7, 105915418
Lelia Bashirian III, contestant 4, 007642945
Dee Connelly II, contestant 0, 907223243
Miss Destini Jaskolski, contestant 2, 052654294
Carolyne Mayer, contestant 2, 923635867
Gregory Strosin PhD, contestant 8, 482587846
Velda Pfannerstill, contestant 6, 567460008
Felipa Roob I, contestant 8, 616703673
Maxwell Rice, contestant 6, 671853153
Myah Gibson, contestant 7, 471670591
Kim Kilback, contestant 2, 084537430
Jakob Koepp DVM, contestant 4, 376445579
Thora Hermiston, contestant 9, 187211524
Arlene Mueller, contestant 2, 591542463
Jerrell Lemke, contestant 9, 423640728
Gregory Strosin PhD, contestant 8, 482587846
Gerson Rutherford, contestant 3, 905936645
Mellie Crooks, contestant 5, 756893795
Scarlett Hilpert, contestant 4, 915313119
Gina Jenkins, contestant 1, 948327994
Lenora Bogisich, contestant 3, 445866716
Conor Reilly, contestant 9, 559777499
Arturo Waelchi, contestant 7, 976566573
Ceasar Dietrich, contestant 5, 608003992
Rosanna Beatty, contestant 9, 258521407
Benny Morissette, contestant 7, 513818006
Josue Reichel, contestant 9, 739531516
Madalyn Williamson, contestant 9, 673910245
Zola McGlynn, contestant 1, 791959176
Soledad Rohan, contestant 3, 457047771
Heber Larkin, contestant 8, 758322738
Filomena Kozey, contestant 6, 280125457
Isabella Cassin, contestant 1, 144328265
Mrs. Hattie Labadie, contestant 4, 759957343
Nat Hoeger, contestant 6, 976279933
Llewellyn Brown, contestant 4, 567904377
Raphaelle Hirthe PhD, contestant 2, 000929673
Dr. Felicity Pacocha, contestant 2, 318467696
Abraham Sipes, contestant 2, 871372091
Retta Jakubowski, contestant 0, 022427969
Elbert Zboncak V, contestant 7, 924095928
Delphine Rolfson, contestant 2, 051784043
Eddie Breitenberg, contestant 0, 362317787
Morris Koelpin, contestant 5, 617536604
Miss Verlie Friesen, contestant 5, 917500291
Miss Arno Mosciski, contestant 5, 444442052
Leif Conn, contestant 8, 839771054
Jessika Klocko Jr., contestant 9, 524690026
Wava Rippin, contestant 7, 368402606
Roxanne Dietrich V, contestant 6, 021071200
Dejuan Sipes, contestant 6, 790394422
Mr. Austyn McDermott, contestant 1, 560225654
Sharon Hahn, contestant 6, 342309729
Yesenia Mayer IV, contestant 4, 289920806
Tiffany Stehr, contestant 9, 327477486
Dr. Graham Larson, contestant 0, 811301537
Stefan Cormier, contestant 3, 245773225
Jasen Becker, contestant 5, 421831463
Ena Pagac, contestant 9, 845910402
Cassandra Leffler, contestant 9, 058238657
William Ankunding, contestant 9, 180230613
Dr. Mary Weber, contestant 0, 674229116
Dr. Sigurd Schowalter, contestant 8, 589189931
Carlos Gibson, contestant 1, 225809451
Oceane Pollich I, contestant 6, 749262157
Ariel Shields, contestant 7, 429375583
Chaz Rohan, contestant 0, 567864693
Eldred Schamberger, contestant 0, 371350304
Alfred Stokes, contestant 4, 685082353
Barbara Lowe, contestant 5, 386667002
Owen Lakin, contestant 0, 961870425
Dr. Osbaldo Koch, contestant 4, 646346897
Miss Joanne Wisoky, contestant 9, 091145327
Cody Cummerata, contestant 9, 581143811
Gordon Miller, contestant 4, 707035426
Hortense Hirthe DVM, contestant 5, 403781750
Annie Powlowski, contestant 4, 905059852
Evalyn Muller, contestant 0, 847736004
Dr. Cody Haley, contestant 3, 884795931
Magnolia King, contestant 2, 493704632
Leonie Boyle DDS, contestant 1, 409083095
Dr. Enoch Kovacek, contestant 6, 431434678
Lisa Cassin, contestant 4, 058862315
Shirley O'Hara, contestant 0, 739774924
Marquis Kuhlman, contestant 7, 352251236
Jamil Kertzmann, contestant 3, 027537143
Bennie Hahn, contestant 5, 983909740
Barton Zieme, contestant 8, 994550157
Roslyn Fay, contestant 6, 507025365
Yesenia Glover I, contestant 5, 162233912
Victor Rutherford, contestant 3, 031164751
Dr. Sebastian Nicolas, contestant 6, 232353894
Raphaelle Hirthe PhD, contestant 2, 000929673
Shana Kirlin, contestant 1, 988706253
Dr. Mayra Rowe, contestant 6, 528161000
Dr. Paris Little, contestant 9, 489882664
Nona O'Reilly, contestant 2, 001195826
Russell Hilpert, contestant 6, 134743686
Vladimir Hintz, contestant 7, 142168270
Tommie Conn, contestant 5, 349388078
Marquis Kuhlman, contestant 7, 352251236
Oren Zieme, contestant 1, 468663926
Mr. Danyka Prosacco, contestant 5, 052973132
Theodora Lowe, contestant 1, 451922552
Carlos Mertz, contestant 2, 339428949
Lisa Cassin, contestant 4, 058862315
Lafayette Frami, contestant 1, 425574405
Darlene Murray, contestant 7, 062191010
Eulalia Durgan, contestant 9, 648282088
Delpha Cormier, contestant 2, 659372433
Georgianna Weber, contestant 6, 612541265
Jamil Kertzmann, contestant 3, 027537143
Mr. Esperanza Flatley, contestant 5, 438477107
Marisol Jast, contestant 4, 292866346
Belle Breitenberg, contestant 2, 055978657
Dr. Enoch Kovacek, contestant 6, 431434678
Pietro Barton, contestant 9, 951980440
Rafaela Nolan, contestant 4, 820269400
Mrs. Jany Crona, contestant 0, 978819133
Lydia Bauch, contestant 7, 173518473
Dr. Susana Borer, contestant 2, 570432635
Sydney Littel, contestant 3, 368043546
Darrell Schroeder, contestant 6, 619180836
Deonte Marvin Sr., contestant 2, 703859283
Muhammad Johnson, contestant 6, 654841102
Idell Rutherford, contestant 8, 385327919
Liam Shanahan, contestant 5, 170875332
Alfonzo Bernhard DVM, contestant 0, 445440658
Mackenzie Rodriguez, contestant 9, 339412469
Javier Halvorson, contestant 8, 378724793
Eugene King, contestant 1, 459188862
Alana Mraz DVM, contestant 0, 497407492
Kim Kilback, contestant 2, 084537430
Melisa Christiansen, contestant 8, 407801217
Tavares Ankunding, contestant 5, 548903644
Shanel Pagac, contestant 5, 848691324
Mrs. Vickie Predovic, contestant 4, 111276867
Brandt Dickinson, contestant 9, 029182376
Julian Hermiston, contestant 0, 608186829
Yasmine Abshire, contestant 8, 085747857
Rosanna Beatty, contestant 9, 258521407
Skye Schaden, contestant 8, 791634900
Tiffany Smitham, contestant 0, 763019844
Jed Schinner, contestant 4, 757491788
Mr. Stanford Gottlieb, contestant 7, 047749406
Triston Wiza, contestant 7, 472148828
Lorna Maggio, contestant 5, 212883149
Shyann Hilll, contestant 5, 592409911
Marty Hackett MD, contestant 4, 417427089
Ivy Streich, contestant 5, 596490802
Tatum Weissnat, contestant 2, 271965854
Isabella Cassin, contestant 1, 144328265
Reanna Hamill I, contestant 4, 358415502
Ms. Lora Braun, contestant 6, 491787411
Rodrigo Wolf, contestant 1, 689138679
Matteo Murphy, contestant 3, 072836153
Darrin Orn, contestant 2, 306894468
Kim Huel, contestant 7, 797367408
Ms. Tate Mante, contestant 2, 551516529
Randy Ebert, contestant 1, 434814855
Reese Rath, contestant 7, 448928507
Nathanial Torphy, contestant 9, 694256912
Alberto Rice MD, contestant 8, 782732907
Deontae Glover, contestant 5, 614890472
Mr. Verla Graham, contestant 9, 107279277
Karolann Champlin, contestant 3, 616978169
Casandra Hickle, contestant 4, 241167066
Alberto Bednar V, contestant 7, 388304556
Molly Terry, contestant 9, 178551759
Jean Rowe, contestant 0, 931301169
Selmer Medhurst DVM, contestant 8, 718647133
Leola Tremblay, contestant 0, 590588051
Miss Greyson Witting, contestant 5, 532671252
Lionel Kassulke, contestant 9, 130586975
Gayle Lind I, contestant 8, 019283809
Danny Hahn, contestant 1, 601375730
Granville Jerde, contestant 4, 627054591
Dr. Noemi Little, contestant 5, 932101563
Marcus Powlowski, contestant 5, 009467830
Ms. Consuelo Zieme, contestant 9, 666004755
Dr. Cesar Nikolaus, contestant 6, 605456583
Miss Domenick O'Connell, contestant 6, 967901868
Lilly Gutkowski, contestant 9, 083107416
Dr. Mayra Rowe, contestant 6, 528161000
Lenora Bogisich, contestant 3, 445866716
Adalberto Swaniawski, contestant 9, 978515188
Dr. Mayra Rowe, contestant 6, 528161000
Dr. Else Luettgen, contestant 3, 066088495
Dallas Waelchi, contestant 9, 214815796
Kaley Zieme, contestant 1, 219366200
Christop Torp, contestant 1, 416889483
Stephany Kihn, contestant 5, 445983519
Mr. Verlie Strosin, contestant 0, 157889083
Layne Bartoletti, contestant 4, 902345995
Mr. Verla Graham, contestant 9, 107279277
Maritza O'Keefe, contestant 6, 253848070
Ressie Sporer, contestant 2, 501399464
Micheal Lockman, contestant 7, 692626715
Saul Schultz, contestant 4, 251316703
Brooks Bartoletti II, contestant 1, 622267814
Danial Reichert V, contestant 4, 745545901
Nellie Cormier, contestant 0, 028682643
Miss Maxime Runolfsdottir, contestant 9, 751730491
Filiberto Gutkowski, contestant 5, 100778345
Miss Craig Kris, contestant 2, 551723795
Jamey Bednar, contestant 6, 982515971
Greg Gleichner, contestant 6, 444137030
Norval Zulauf MD, contestant 7, 490695432
Stephen Hilpert, contestant 4, 721487310
Travon Ziemann Jr., contestant 1, 013699502
Amber Emmerich Sr., contestant 7, 038958814
Solon Goldner, contestant 0, 296050375
Mr. Marguerite Hackett, contestant 5, 332107764
Rodrigo Wolf, contestant 1, 689138679
Eduardo Ondricka, contestant 4, 510077998
Juwan Rempel, contestant 2, 692042094
Mitchell Luettgen III, contestant 1, 695634925
Margaretta Oberbrunner II, contestant 2, 822292131
Lloyd Dietrich, contestant 6, 917980218
Ms. Jeffry Huel, contestant 6, 685548000
Aliza Zieme I, contestant 0, 391105769
Miss Craig Conroy, contestant 6, 715521984
Travon Ziemann Jr., contestant 1, 013699502
Rosemary Collier, contestant 1, 937459564
Kris Heller, contestant 2, 275071345
Clint Fahey DDS, contestant 6, 668448895
Adrianna D'Amore II, contestant 3, 942790760
Dr. Demario Kuhic, contestant 8, 690689772
Ms. Rudolph Hilpert, contestant 6, 813199519
Deontae Koch, contestant 5, 700134052
Berniece Abshire, contestant 2, 611942669
Leon Goyette, contestant 0, 419609769
Mrs. Victoria Hirthe, contestant 5, 425357476
Ms. Christina Murazik, contestant 6, 732275198
Mitchell Luettgen III, contestant 1, 695634925
Mrs. Elmore Becker, contestant 8, 739577519
Mr. Royce Jacobi, contestant 2, 141405901
Miss Sydnee Hayes, contestant 8, 106658488
Helene Osinski, contestant 0, 996540127
Gideon Ondricka Jr., contestant 3, 087028056
Halle Orn, contestant 9, 677569354
Makenna Pagac, contestant 9, 163855678
Dr. Sim Lebsack, contestant 0, 037665602
Dr. Aidan Dach, contestant 3, 952176955
Miss Bettie Haley, contestant 0, 695267580
Lori Towne, contestant 5, 908382792
Louie Fadel, contestant 9, 391660558
Marge Hane V, contestant 5, 557353951
Ms. Stephan Pollich, contestant 6, 925397124
Mr. Princess Kessler, contestant 2, 994628027
Dr. Virgil Spencer, contestant 8, 155778247
Seth Mayer, contestant 6, 763505059
Alexanne Mraz, contestant 6, 693497290
Augusta Botsford, contestant 6, 368650065
Bo Kuhic III, contestant 7, 207102078
Cordia Keebler, contestant 6, 904216852
Alicia Emmerich, contestant 2, 303875797
Mariana Bednar, contestant 6, 660098811
Dr. Craig Wintheiser, contestant 8, 764673587
Yolanda Sporer, contestant 5, 267009721
Harley Corkery, contestant 6, 040137526
Alexandrea Fahey, contestant 9, 417417790
Hillary Kunze, contestant 8, 002265551
Antonetta Runte, contestant 8, 909130582
Monserrate Little, contestant 9, 878614534
Mrs. Wendell Kuphal, contestant 4, 584363414
Mr. Dorothea Hayes, contestant 3, 018720162
Fred Fay, contestant 2, 754006699
Ms. Kara Runte, contestant 2, 344090235
Ms. Mariana Carter, contestant 0, 229972798
Ms. Christina Murazik, contestant 6, 732275198
Hilton Emard, contestant 7, 222142594
Trey Donnelly I, contestant 7, 153550216
Antoinette Blick, contestant 5, 945273518
Aric Collins, contestant 8, 291475573
Piper Doyle, contestant 0, 253988350
Darrick Marvin, contestant 2, 333855831
Cassandre Hills, contestant 6, 777886659
Salma Zulauf, contestant 9, 345348502
Zion Larkin, contestant 2, 621188696
Raymundo Feest IV, contestant 2, 654832634
Tre Morissette, contestant 4, 375868445
Saige O'Reilly, contestant 7, 881046969
Mrs. Victoria Hirthe, contestant 5, 425357476
Trey Donnelly I, contestant 7, 153550216
Heber Larkin, contestant 8, 758322738
Dr. Kali Larson, contestant 5, 757335757
Lloyd Cronin, contestant 3, 759567125
Burnice Olson, contestant 5, 998931301
Kaylee Doyle Sr., contestant 1, 370862505
Ms. Winnifred Batz, contestant 9, 009221612
Tyree Kub DVM, contestant 6, 167206304
Cayla Swift, contestant 5, 839656031
Mr. Adell Friesen, contestant 2, 693123115
Quinton Friesen, contestant 1, 138181908
Mrs. Evie Klein, contestant 9, 060788779
Trace Reilly I, contestant 7, 637511822
Rita Lang III, contestant 1, 950544590
Robbie Schamberger, contestant 0, 924248727
Miss Marvin Heller, contestant 8, 957821729
Durward Oberbrunner, contestant 5, 897847475
Pearline Ritchie, contestant 1, 680031754
Hans Schulist, contestant 0, 984734779
Mrs. Mckenna Murazik, contestant 7, 608000716
Ms. Erica Morissette, contestant 8, 262793929
Aletha Harris, contestant 6, 117261335
Ari Fay, contestant 5, 954682610
Glenda Haag, contestant 5, 425825670
Dr. Federico Jakubowski, contestant 5, 970553193
Nellie Cormier, contestant 0, 028682643
Delphine Rolfson, contestant 2, 051784043
Miss Bill Pagac, contestant 1, 414608016
Tatyana Ferry III, contestant 0, 789954827
Bryana Wilkinson, contestant 9, 290494738
Clay Gutkowski, contestant 1, 815209144
Beau Cruickshank, contestant 7, 644651090
Brooks Bartoletti II, contestant 1, 622267814
Mrs. Mustafa Jaskolski, contestant 2, 253902772
Price Moen, contestant 7, 388148961
Eloy Cassin, contestant 1, 349267656
Kelvin Pouros, contestant 7, 248272411
Cayla Greenholt, contestant 4, 111215506
Zoila Friesen, contestant 3, 167967814
Alysa Haag, contestant 2, 748966394
Misael Dickens, contestant 6, 129708903
Christelle Schmeler, contestant 4, 169720353
Baby Jerde, contestant 5, 519129527
Judd Moen, contestant 7, 443047663
Rigoberto Brown, contestant 3, 626326984
Ms. Walker Johns, contestant 1, 628062189
Thomas Kuhn, contestant 4, 988529321
Jakob Koepp DVM, contestant 4, 376445579
Dr. Graham Larson, contestant 0, 811301537
Micah Torphy, contestant 9, 349905750
Gerard Altenwerth, contestant 4, 555456107
Ms. Jaleel Mante, contestant 0, 033727244
Ward DuBuque, contestant 8, 968299596
Thora Hermiston, contestant 9, 187211524
Janiya Effertz Sr., contestant 8, 707601591
Oceane Pollich I, contestant 6, 749262157
Dylan Bailey, contestant 9, 007373512
Alexane Carroll, contestant 7, 960405073
Mr. Dusty McClure, contestant 1, 444579732
Torey Bogan, contestant 8, 837841737
Owen Pfeffer, contestant 3, 336169664
Monserrate Little, contestant 9, 878614534
Mrs. Everardo Mraz, contestant 2, 122436454
Gudrun Dach PhD, contestant 8, 207886287
Brain Heathcote V, contestant 4, 487750496
Clovis Thompson, contestant 1, 367379747
Delfina Emard, contestant 3, 921992130
Serena Gislason Sr., contestant 3, 413419885
Ruby Prohaska III, contestant 2, 821005067
Ceasar Dietrich, contestant 5, 608003992
Mr. Royce Jacobi, contestant 2, 141405901
Garret Cole DDS, contestant 2, 553387299
Dr. Marvin Reynolds, contestant 4, 112623118
Otha Lubowitz, contestant 1, 412320394
Kassandra Ferry DDS, contestant 0, 899289271
Rosamond Skiles, contestant 5, 214015911
Magnolia King, contestant 2, 493704632
Vern Keebler, contestant 9, 830270411
Davin Hodkiewicz, contestant 7, 780144981
Aurelio Beahan, contestant 7, 970441978
Timmy Larson, contestant 8, 740931990
Friedrich Wilderman, contestant 4, 803586187
Dr. Marvin Reynolds, contestant 4, 112623118
Milford Daugherty, contestant 2, 742670523
Myah Vandervort, contestant 2, 008086743
Ms. Monserrate Kovacek, contestant 2, 858982725
Fabian Doyle V, contestant 6, 756420859
Jaida Breitenberg, contestant 0, 742666660
Elinore Stanton, contestant 1, 131272241
Stevie Hammes, contestant 9, 681056323
Jett Gutmann, contestant 8, 527864805
Percival Tillman, contestant 7, 945566895
Justen Douglas, contestant 5, 983373570
Coralie Smith DVM, contestant 0, 518155252
Dr. Violette Ziemann, contestant 0, 791662866
Daphne Walker MD, contestant 1, 315045855
Ethyl Willms I, contestant 1, 462111580
Kellie Fadel, contestant 2, 218816482
Birdie Erdman I, contestant 2, 860046531
Clarissa Goldner II, contestant 0, 016118667
Noelia Davis, contestant 7, 499261811
Vesta McClure, contestant 4, 717582655
Norval Gusikowski, contestant 8, 711950986
Mitchel Schaden, contestant 3, 764711519
Clarissa Goldner II, contestant 0, 016118667
Ryleigh Murphy, contestant 7, 301445232
Loy Ryan, contestant 0, 082909221
Jules Frami, contestant 8, 246101839
Amber Gorczany, contestant 6, 670059743
Ottis Wisoky, contestant 1, 846058143
Keon Hettinger DDS, contestant 1, 283178075
Vaughn Botsford, contestant 4, 735206137
Walter Klein, contestant 7, 230773294
Raheem Gorczany, contestant 7, 924021861
Mrs. Chelsie Cummerata, contestant 0, 515249750
Amelie Cremin, contestant 8, 128107764
Lilyan Erdman III, contestant 1, 702675828
Mateo Nader, contestant 4, 687810575
Kelvin Luettgen, contestant 3, 509236720
Ubaldo Konopelski MD, contestant 4, 885423513
Dr. Carolyne O'Conner, contestant 2, 549235740
Miss Bettie Haley, contestant 0, 695267580
Trace Reilly I, contestant 7, 637511822
Alverta Harvey, contestant 7, 940262198
Marcos Cole DVM, contestant 2, 728519575
Ted Hermiston, contestant 2, 705416982
Clay Gutkowski, contestant 1, 815209144
Raymond Yost II, contestant 5, 738699642
Ashly Dach, contestant 5, 151216346
Porter Fritsch I, contestant 5, 247030687
Travon Ziemann Jr., contestant 1, 013699502
Colten Schaden, contestant 2, 212221391
Eugene Wintheiser, contestant 9, 300118251
Miss Kenneth Klocko, contestant 7, 787820392
Dorothea O'Keefe Sr., contestant 0, 861659173
Leonie Boyle DDS, contestant 1, 409083095
Foster Heathcote, contestant 6, 881528519
Estelle Hermann, contestant 1, 963723685
Dejuan Jakubowski, contestant 3, 141240740
Markus Hoeger, contestant 4, 664929726
Issac Heathcote, contestant 1, 646092922
Dessie Frami, contestant 6, 505378567
Sheridan Mills, contestant 8, 370214674
Griffin Spencer I, contestant 2, 856603299
Ms. Laverna Powlowski, contestant 6, 233985063
Okey Schaefer, contestant 2, 178204370
Dell O'Kon, contestant 6, 733327580
Jeanie Rath, contestant 1, 499124130
Catharine Barton, contestant 6, 499943594
Jarrett Hahn, contestant 2, 003661199
Alvena Leannon, contestant 2, 774695673
Dr. Mariano Senger, contestant 7, 790708009
Meagan Leffler, contestant 0, 995165481
Harrison Tillman, contestant 5, 845647071
Hillary Kunze, contestant 8, 002265551
Dr. Mayra Rowe, contestant 6, 528161000
Dr. Merritt Mosciski, contestant 4, 556354776
Katrine Durgan, contestant 1, 218400788
Fritz Satterfield, contestant 5, 055635426
Clay Gutkowski, contestant 1, 815209144
Garnet Altenwerth II, contestant 3, 547585534
Yasmine Abshire, contestant 8, 085747857
Burnice Olson, contestant 5, 998931301
Celestino Hettinger, contestant 5, 310234484
Darrick Marvin, contestant 2, 333855831
Uriel Swift, contestant 7, 335074515
Koby Tillman, contestant 4, 844958687
Fritz Murphy, contestant 7, 493670117
Herminio Cole PhD, contestant 2, 964093216
Elena Feil, contestant 5, 627826437
Dr. Jewell Bashirian, contestant 3, 961355861
Kellie Fadel, contestant 2, 218816482
Velda Pfannerstill, contestant 6, 567460008
Dr. Dewitt Eichmann, contestant 7, 521504785
Gregory Strosin PhD, contestant 8, 482587846
Mike Bradtke, contestant 9, 971230980
Emmy Kerluke, contestant 5, 192379252
Ada Zulauf, contestant 6, 111958422
Marty Hackett MD, contestant 4, 417427089
Easton Weber III, contestant 4, 012165913
Mr. Luisa Hartmann, contestant 3, 902457763
Orrin White Sr., contestant 3, 084148263
Douglas Wyman, contestant 2, 177594946
Urban Ruecker PhD, contestant 4, 390912773
Mr. Levi Collins, contestant 4, 514942301
Muhammad Weissnat, contestant 2, 424993788
Maybelle Borer, contestant 8, 417498135
Clarissa Goldner II, contestant 0, 016118667
Delphia Kuhlman, contestant 9, 756296826
Domenic Smith, contestant 1, 927971308
Ezekiel Wolff, contestant 7, 206972227
Rogelio Spencer, contestant 9, 432441862
Shaina Von, contestant 1, 508575445
Joanny Gusikowski, contestant 9, 294071007
Victor Rutherford, contestant 3, 031164751
Aletha Harris, contestant 6, 117261335
Fannie Huels, contestant 1, 706839906
Arvilla Macejkovic, contestant 3, 621969597
Griffin Spencer I, contestant 2, 856603299
Mrs. Dahlia Jacobi, contestant 8, 522039595
Ms. Wyman Johnson, contestant 6, 611527772
Nina Marvin, contestant 0, 483850730
Eduardo Ondricka, contestant 4, 510077998
Felton Friesen, contestant 2, 670004553
Diego Langworth, contestant 9, 675696459
Stanton Little, contestant 4, 753392615
Tatyana Ferry III, contestant 0, 789954827
Jenifer Funk, contestant 8, 752890101
Berenice Dach, contestant 4, 590980477
Gina Jenkins, contestant 1, 948327994
Cali Pacocha, contestant 0, 896979105
Marisol Jacobson, contestant 9, 423302662
Oscar Beier DDS, contestant 7, 028826851
Felipe Sanford, contestant 5, 441299381
Carter Walter I, contestant 1, 056740109
Jaden Ryan, contestant 1, 187847698
Edd Wehner, contestant 5, 224491021
Floy Herman, contestant 3, 987657889
Eloy Harvey, contestant 0, 208692418
Rollin Leannon, contestant 4, 130725629
Imelda Tremblay, contestant 0, 297707732
Ms. Irwin Schaefer, contestant 6, 833115371
Louie Fadel, contestant 9, 391660558
Vernice Rau Sr., contestant 5, 588258986
Ms. Alexa Howe, contestant 8, 240624286
Margaretta Oberbrunner II, contestant 2, 822292131
